Portfolio WBS,Quantity,UOM,BAC,BAC Rate,Planned Quantity,Planned Value,Actual Cost,Month,predicted_DT,predicted_RF,predicted_LR,predicted_SVM
11,94.0,hrs,23680.0,251.91,10.0,2519.15,1400.0,April,3058.72,2155.8,577.97,2565.94
11,94.0,hrs,23680.0,251.91,25.0,6297.87,4508.3,June,5629.51,4702.71,4850.67,5056.96
11,94.0,hrs,23680.0,251.91,15.0,3778.72,3163.45,July,3058.72,2685.77,2338.94,2656.28
11,94.0,hrs,23680.0,251.91,20.0,5038.3,10806.55,August,3058.72,7975.93,10375.69,6229.62
11,94.0,hrs,23680.0,251.91,20.0,5038.3,790.5,September,1654.63,2912.43,1406.43,2370.42
11,94.0,hrs,23680.0,251.91,4.0,1007.66,4210.0,November,2954.94,3595.87,3454.91,3430.9
13,1.0,item,14950.0,14950.0,0.1,1495.0,90.0,May,2681.29,1918.93,1768.83,2419.05
13,1.0,item,14950.0,14950.0,0.15,2242.5,2560.0,June,1899.18,2248.43,2977.86,2015.82
13,1.0,item,14950.0,14950.0,0.25,3737.5,2400.0,July,1899.18,1642.74,1641.13,1410.27
13,1.0,item,14950.0,14950.0,0.25,3737.5,1800.0,August,1899.18,2012.06,2028.1,1777.36
13,1.0,item,14950.0,14950.0,0.25,3737.5,800.0,September,1654.63,2110.13,968.43,1618.23
21,2350.0,m3,4482.0,1.91,1850.0,3528.38,9101.37,May,7179.81,7385.02,8519.76,7146.88
31,1151.0,m3,9869.83,8.58,651.0,5582.32,13286.15,May,7179.81,10938.69,9043.35,9634.63
33,389.0,m3,5539.36,14.24,389.0,5539.36,8184.18,September,7179.81,9554.52,10236.46,8184.28
41,1.0,item,29059.43,29059.43,0.25,7264.86,8267.74,July,5629.51,5822.63,7435.54,4937.28
41,1.0,item,29059.43,29059.43,0.25,7264.86,782.94,August,5629.51,2410.34,1830.98,2859.19
41,1.0,item,29059.43,29059.43,0.25,7264.86,4860.0,September,4719.61,5775.11,6101.0,4604.22
51,2848.0,m3,20085.73,7.05,1400.0,9873.6,17147.74,July,23096.37,14289.34,8372.15,16372.54
51,2848.0,m3,20085.73,7.05,1448.0,10212.13,16924.53,August,23096.37,14652.09,8696.14,16736.04
52,7508.0,m3,94981.44,12.65,1000.0,12650.7,1484.0,May,23096.37,12239.08,8785.62,14915.63
52,7508.0,m3,94981.44,12.65,4000.0,50602.79,86356.85,June,20347.42,28289.85,30221.56,24423.59
52,7508.0,m3,94981.44,12.65,1000.0,12650.7,42809.12,July,23096.37,29399.01,36361.29,25380.91
52,7508.0,m3,94981.44,12.65,1508.0,19077.25,34220.97,August,70121.96,33831.17,31418.13,43144.72
53,2052.0,m3,33153.16,16.16,500.0,8078.25,317.56,June,6413.21,2289.72,-3370.16,3878.93
53,2052.0,m3,33153.16,16.16,552.0,8918.39,3541.0,August,6413.21,4787.17,72.47,5388.53
57,473.0,m3,27999.42,59.2,200.0,11839.08,8333.54,June,5114.24,8789.33,7727.0,7332.83
57,473.0,m3,27999.42,59.2,273.0,16160.34,21038.92,July,14835.1,14555.98,13890.28,13934.63
61,22003.0,m2,44898.2,2.04,2500.0,5101.37,2730.24,May,6156.67,7290.71,2175.09,6145.29
61,22003.0,m2,44898.2,2.04,3500.0,7141.92,1623.82,June,6156.67,4251.61,-2564.53,3707.57
61,22003.0,m2,44898.2,2.04,9503.0,19391.34,1925.86,August,5410.44,11466.83,5535.13,7507.51
62,7995.0,tonne,40636.32,5.08,2500.0,12706.79,4650.18,June,23096.37,20264.59,20327.03,19322.8
62,7995.0,tonne,40636.32,5.08,1500.0,7624.08,12961.52,July,27472.44,14766.86,11266.99,16918.28
62,7995.0,tonne,40636.32,5.08,3000.0,15248.15,31167.84,August,23096.37,28735.44,32911.53,24671.9
62,7995.0,tonne,40636.32,5.08,995.0,5057.3,35933.58,September,27472.44,26720.11,29173.98,24642.29
63,18417.0,m2,45346.75,2.46,3050.0,7509.78,6872.88,June,6156.67,8716.71,7636.82,6783.46
63,18417.0,m2,45346.75,2.46,5950.0,14650.22,14219.62,July,18318.04,16625.91,15509.42,15231.77
63,18417.0,m2,45346.75,2.46,5000.0,12311.11,14757.13,August,18318.04,14638.95,12700.27,14149.09
63,18417.0,m2,45346.75,2.46,4417.0,10875.64,10011.23,September,18318.04,19708.41,19790.23,17326.19
64,14781.0,m2,69649.1,4.71,5150.0,24267.16,36390.0,August,25708.8,24573.02,22881.64,23298.06
64,14781.0,m2,69649.1,4.71,6581.0,31010.13,47513.06,September,25708.8,42200.99,48358.93,34503.15
65,1369.0,tonne,392816.9,307.85,669.0,191960.92,315.12,September,112816.37,43641.0,26344.67,65246.71
67,96.0,each,16715.5,174.12,70.0,12188.39,713.5,September,5114.24,4826.81,6361.35,4281.44
71,1517.0,m,30932.82,20.39,300.0,6117.24,584.5,August,14835.1,6426.03,4062.53,7660.02
71,1517.0,m,30932.82,20.39,1171.0,23877.61,1144.2,September,13330.1,8301.62,3816.48,8499.46
73,1005.0,m2,19964.45,19.87,250.0,4966.28,16041.18,August,12590.7,12375.46,14744.17,12346.54
73,1005.0,m2,19964.45,19.87,505.0,10031.89,13507.1,October,6413.21,11353.49,14174.45,10009.32
81,202.0,m,10313.81,51.06,50.0,2552.92,157.56,June,1899.18,720.11,705.56,702.92
81,202.0,m,10313.81,51.06,152.0,7760.88,13036.86,July,8981.05,11555.05,15399.22,9770.56
85,24.0,each,21867.0,911.12,18.0,16400.25,9197.58,August,5629.51,7322.9,7335.85,6073.25
85,24.0,each,21867.0,911.12,6.0,5466.75,11601.71,September,11114.42,8956.3,8647.77,8482.33
95,1.0,item,174672.4,174672.4,0.15,26200.86,29539.91,May,29134.33,24398.29,24587.5,24757.84
95,1.0,item,174672.4,174672.4,0.3,52401.72,33021.01,June,96278.32,60289.27,63483.0,69097.68
95,1.0,item,174672.4,174672.4,0.05,8733.62,986.0,July,1405.82,7164.81,6103.24,3965.17
95,1.0,item,174672.4,174672.4,0.5,87336.2,73815.0,September,96278.32,70075.06,73282.01,75859.51
103,285.0,m,24123.64,84.64,50.0,4232.22,585.0,June,3058.72,1388.56,-1218.83,975.33
103,285.0,m,24123.64,84.64,235.0,19891.43,5230.0,August,14835.1,7589.55,3618.97,8840.73
111,995.0,m,65406.52,65.74,400.0,26294.08,13375.0,June,22048.5,12643.51,8988.58,14412.42
111,995.0,m,65406.52,65.74,595.0,39112.44,21076.34,July,13119.91,17560.02,17106.04,14786.17
131,1602.0,m,54957.33,34.31,800.0,27444.36,1680.35,August,13119.91,8324.47,5133.69,8716.39
131,1602.0,m,54957.33,34.31,802.0,27512.97,283.18,October,13119.91,6715.75,2852.48,7864.15
141,177.0,hrs,9194.4,51.95,24.0,1246.7,1485.7,August,1824.94,1430.32,1097.73,1898.57
141,177.0,hrs,9194.4,51.95,81.0,4207.61,3406.3,September,1654.63,3974.05,3538.06,3395.76
151,2000.0,m,19140.03,9.57,1000.0,9570.02,177.26,June,1628.04,3982.88,494.86,1884.76
221,1.0,item,325.24,325.24,1.0,325.24,491.47,November,609.44,1007.67,696.6,670.32
901,9.0,weeks,29792.75,3310.31,2.0,6620.61,693.31,May,4719.61,2209.16,-688.76,3165.3
901,9.0,weeks,29792.75,3310.31,2.0,6620.61,990.0,June,589.26,1286.84,-601.97,890.69
901,9.0,weeks,29792.75,3310.31,2.0,6620.61,315.0,July,589.26,1637.11,-251.55,873.5
901,9.0,weeks,29792.75,3310.31,2.0,6620.61,387.04,August,589.26,1142.7,-1233.06,682.1
902,16.0,weeks,38411.1,2400.69,1.0,2400.69,1723.44,April,5051.4,3911.94,1670.33,4415.63
902,16.0,weeks,38411.1,2400.69,2.0,4801.39,13028.98,May,5051.4,9009.73,10150.29,8113.0
902,16.0,weeks,38411.1,2400.69,4.0,9602.78,14397.9,June,11719.06,15087.71,18274.76,13836.94
902,16.0,weeks,38411.1,2400.69,4.0,9602.77,16839.44,July,11719.06,15510.61,18740.26,13866.71
902,16.0,weeks,38411.1,2400.69,4.0,9602.78,16875.35,August,7116.63,13851.77,16978.95,11483.11
902,16.0,weeks,38411.1,2400.69,1.0,2400.69,15905.92,September,11114.42,13029.47,14311.15,11912.47
903,16.0,weeks,30636.8,1914.8,2.0,3829.6,3200.0,May,5051.4,4041.21,4032.06,4434.4
903,16.0,weeks,30636.8,1914.8,4.0,7659.2,2455.58,June,1849.43,2452.24,2405.31,2095.08
903,16.0,weeks,30636.8,1914.8,4.0,7659.2,1252.16,July,1849.43,2226.23,1842.69,1705.27
903,16.0,weeks,30636.8,1914.8,4.0,7659.2,3167.5,August,1849.43,2871.04,2666.14,2250.49
903,16.0,weeks,30636.8,1914.8,1.0,1914.8,235.2,September,1856.64,4377.51,4443.33,2966.71
904,1.0,item,26060.0,26060.0,0.5,13030.0,5968.45,April,2795.89,6430.91,6909.43,4997.97
904,1.0,item,26060.0,26060.0,0.5,13030.0,10571.72,May,10491.91,9244.62,10266.76,9577.5
905,1.0,item,4224.0,4224.0,0.25,1056.0,2405.94,June,1158.64,1734.21,2561.66,1381.98
905,1.0,item,4224.0,4224.0,0.25,1056.0,533.07,July,1158.64,1435.23,1883.42,944.98
905,1.0,item,4224.0,4224.0,0.25,1056.0,1282.69,August,645.88,1369.72,1700.12,870.57
905,1.0,item,4224.0,4224.0,0.25,1056.0,54.46,September,609.44,392.89,-1110.78,81.49
907,1.0,item,13900.0,13900.0,0.75,10425.0,2425.73,May,2514.97,4949.99,5576.45,4501.79
910,1.0,item,16740.0,16740.0,1.0,16740.0,350.0,October,2514.97,1030.38,-724.23,1672.4
C25,100.7,m3,15804.83,156.95,25.0,3923.74,708.96,July,3058.72,2324.69,1428.48,1984.66
C25,100.7,m3,15804.83,156.95,25.0,3923.74,8516.84,August,3058.72,6185.45,7347.24,4609.3
C25,100.7,m3,15804.83,156.95,50.7,7957.35,2147.88,October,5114.24,5122.14,4990.3,4828.51
C32,51.26,m3,9507.22,185.47,35.0,6491.47,6587.42,August,8981.05,8532.29,9587.28,8707.35
C32,51.26,m3,9507.22,185.47,16.26,3015.75,18745.71,September,11114.42,13763.26,16516.14,12543.91
CKM,111.0,m3,25589.7,230.54,21.0,4841.29,296.03,August,3058.72,2577.02,-402.65,2330.74
CKM,111.0,m3,25589.7,230.54,82.0,18904.1,1199.7,September,5114.24,3757.99,-1918.72,3863.49
CSA,36.0,tonne,332.0,9.22,36.0,332.0,12852.0,August,5326.7,8924.51,11918.93,7465.13
ETC,1465.0,m,7656.14,5.23,1465.0,7656.14,6927.4,June,9322.64,12817.67,15983.58,10160.15
ETM,1.0,item,14766.49,14766.49,1.0,14766.49,133.5,June,2795.89,1449.67,274.72,1629.99
QM2.1,7995.0,tonne,170720.16,21.35,2500.0,53383.41,31974.73,June,77534.32,70132.88,77335.98,69498.58
QM2.1,7995.0,tonne,170720.16,21.35,3000.0,64060.1,72760.61,August,77534.32,75125.18,83470.38,72760.51
QM2.1,7995.0,tonne,170720.16,21.35,995.0,21246.6,74712.76,September,36035.78,54106.13,64004.3,45447.24
QMS,2200.0,tonne,10432.68,4.74,200.0,948.43,337.16,June,6869.26,1726.06,404.13,3046.0
QMS,2200.0,tonne,10432.68,4.74,1000.0,4742.13,794.84,July,2472.03,1986.58,967.19,1569.85
QMS,2200.0,tonne,10432.68,4.74,900.0,4267.91,286.36,August,2472.03,3607.4,3419.87,2749.39
RSM,1009.0,m2,7815.02,7.75,509.0,3942.36,2489.2,September,7179.81,5250.81,4304.8,5096.31
SWL,13.0,each,17624.0,1355.69,13.0,17624.0,1484.0,August,2795.89,3631.56,1683.47,2982.59
SWP,197.6,m,15635.44,79.13,100.0,7912.67,12762.0,June,5114.24,6268.94,4543.23,4948.47
11,110.0,hrs,20350.0,185.0,20.0,3700.0,2954.4,April,3058.72,2602.61,1185.71,2890.07
11,110.0,hrs,20350.0,185.0,20.0,3700.0,8062.4,May,3058.72,4073.67,4196.78,4194.71
11,110.0,hrs,20350.0,185.0,30.0,5550.0,5825.5,June,3058.72,5431.2,6723.6,4721.49
11,110.0,hrs,20350.0,185.0,40.0,7400.0,2196.2,July,13406.07,7306.86,6879.93,8962.06
13,1.0,item,5460.0,5460.0,0.5,2730.0,7389.85,May,5795.74,5238.29,6413.82,5609.06
31,2500.0,m3,20012.0,8.0,2500.0,20012.0,8287.17,April,6413.21,14802.4,12528.69,11532.03
51,22919.0,m3,244936.52,10.69,16000.0,170992.81,135373.79,May,112816.37,125082.28,140034.53,116861.5
51,22919.0,m3,244936.52,10.69,6919.0,73943.7,123525.26,June,96278.32,105444.55,127093.03,97822.91
59,86600.0,m2,138448.83,1.6,10000.0,15987.16,6900.0,April,4191.71,16371.4,24079.75,9150.12
59,86600.0,m2,138448.83,1.6,35000.0,55955.07,55215.0,May,50751.9,44884.24,47516.32,40128.76
59,86600.0,m2,138448.83,1.6,41600.0,66506.6,37197.8,June,50751.9,45249.51,45613.26,39352.24
62,1056.0,tonne,6320.13,5.98,1056.0,6320.13,3632.5,June,9322.64,8736.33,5933.35,7859.18
131,300.0,m,2970.0,9.9,300.0,2970.0,18430.0,June,12590.7,12597.23,15799.07,11230.29
221,1.0,item,1512.5,1512.5,1.0,1512.5,1180.15,June,409.36,2212.74,3361.42,1376.2
222,3400.0,m2,40831.0,12.01,3400.0,40831.0,5500.0,June,5410.44,16639.78,11113.22,12269.81
901,7.2,weeks,22750.0,3159.72,2.0,6319.44,954.33,April,589.26,2702.55,481.35,1861.18
901,7.2,weeks,22750.0,3159.72,3.2,10111.11,405.0,June,1849.43,2008.85,-74.64,1848.98
902,12.0,weeks,40200.0,3350.0,3.0,10050.0,8554.76,April,7116.63,10053.69,10005.63,9177.04
902,12.0,weeks,40200.0,3350.0,3.0,10050.0,14039.46,May,11719.06,13898.84,15713.1,13456.06
902,12.0,weeks,40200.0,3350.0,6.0,20100.0,15384.77,June,11719.06,15572.62,17796.76,14351.55
903,12.0,weeks,15000.0,1250.0,3.0,3750.0,2875.04,April,1899.18,2961.62,2558.18,2457.77
903,12.0,weeks,15000.0,1250.0,3.0,3750.0,5131.0,May,1899.18,3054.18,3385.19,2871.08
903,12.0,weeks,15000.0,1250.0,6.0,7500.0,3149.52,June,1849.43,3294.13,3935.56,2698.4
904,1.0,item,24843.75,24843.75,0.75,18632.81,4736.04,April,2795.89,5131.89,4236.64,4275.39
905,1.0,item,5824.0,5824.0,0.25,1456.0,68.4,April,409.36,442.37,-672.49,345.82
905,1.0,item,5824.0,5824.0,0.5,2912.0,281.42,May,5795.74,3968.11,4179.4,4692.44
905,1.0,item,5824.0,5824.0,0.25,1456.0,265.08,June,409.36,740.81,1072.95,505.67
907,1.0,item,18995.0,18995.0,0.25,4748.75,8330.66,April,5051.4,6611.08,7462.24,5878.31
907,1.0,item,18995.0,18995.0,0.75,14246.25,15052.72,May,10491.91,10475.95,11910.95,10621.29
911,84.0,days,10500.0,125.0,24.0,3000.0,1040.0,April,1899.18,3500.98,2572.64,2382.28
911,84.0,days,10500.0,125.0,24.0,3000.0,2151.24,May,1899.18,2862.02,2240.64,2322.6
911,84.0,days,10500.0,125.0,24.0,3000.0,1040.0,June,1899.18,1999.4,1466.15,1378.25
911,84.0,days,10500.0,125.0,12.0,1500.0,348.57,July,958.97,1282.54,519.87,348.67
QM2.3,1056.0,tonne,29884.8,28.3,1056.0,29884.8,14753.12,June,13330.1,17559.1,18670.52,15664.68
QMR,37.0,tonne,21862.5,590.88,37.0,21862.5,1741.04,June,1849.43,6680.86,5444.79,5085.54
11,377.0,hrs,54760.0,145.25,50.0,7262.6,27510.7,November,19644.48,22443.07,28419.22,20828.36
11,377.0,hrs,54760.0,145.25,76.0,11039.15,22042.5,December,16429.38,17133.8,21071.2,16204.18
11,377.0,hrs,54760.0,145.25,100.0,14525.2,13965.0,January,16429.38,14117.61,15608.11,14368.53
13,1.0,item,37361.67,37361.67,0.2,7472.33,150.0,November,19644.48,10461.14,9813.91,12901.65
13,1.0,item,37361.67,37361.67,0.3,11208.5,12330.0,February,16429.38,10882.76,11534.59,12182.28
21,16000.0,m2,24842.93,1.55,14000.0,21737.56,1520.0,November,5410.44,14230.04,2100.88,9286.65
53,802.0,m3,18732.1,23.36,600.0,14014.04,2656.78,November,1628.04,7794.27,4874.23,6152.18
53,802.0,m3,18732.1,23.36,202.0,4718.06,1312.57,December,3058.72,2588.64,-1757.03,2841.19
59,29830.0,m2,22887.07,0.77,5000.0,3836.25,4299.6,November,4191.71,5787.8,4976.18,4022.29
59,29830.0,m2,22887.07,0.77,15000.0,11508.75,3791.68,December,4191.71,6498.4,3166.79,3109.77
59,29830.0,m2,22887.07,0.77,9830.0,7542.07,5427.0,January,4191.71,5088.94,2570.37,2822.71
61,12535.0,m2,37229.32,2.97,6500.0,19305.19,103959.82,November,70121.96,87877.38,110954.31,77849.77
61,12535.0,m2,37229.32,2.97,6035.0,17924.13,94553.0,December,70121.96,80450.76,100240.79,72821.44
62,4019.0,m3,131637.15,32.75,1000.0,32753.71,18755.94,November,36035.78,25285.38,23375.85,27049.1
62,4019.0,m3,131637.15,32.75,2000.0,65507.41,26227.4,December,34485.97,27737.32,24321.61,28417.85
62,4019.0,m3,131637.15,32.75,1019.0,33376.03,55747.49,January,62249.6,43972.81,47328.05,47130.51
63,9107.0,m2,75658.85,8.31,6607.0,54889.43,14389.58,January,5183.5,20895.78,18861.0,14689.54
64,25142.0,m2,217171.38,8.64,12500.0,107972.41,112816.38,December,50751.9,71869.48,80230.57,61591.8
64,25142.0,m2,217171.38,8.64,12642.0,109198.97,62381.88,February,50751.9,72264.1,80651.12,62050.17
65,605.0,tonne,296792.99,490.57,605.0,296792.99,202459.38,February,112816.37,151263.89,187261.5,137551.75
67,1.0,item,33024.0,33024.0,1.0,33024.0,2209.45,February,14412.59,7232.89,3032.17,9446.71
68,600.0,m2,13641.07,22.74,600.0,13641.07,51538.06,June,29799.52,35239.88,47727.24,32916.47
72,11.0,each,32902.26,2991.11,11.0,32902.26,12371.18,November,13330.1,12657.56,11584.99,12259.4
81,12.2,m,31756.3,2602.98,6.1,15878.15,15915.3,November,10491.91,13303.05,15957.07,11742.0
111,157.0,m,12960.46,82.55,157.0,12960.46,2010.27,December,8981.05,8320.31,7121.09,7286.82
141,1104.0,hrs,115916.75,105.0,200.0,20999.41,12821.64,November,6137.31,12230.38,13366.05,10309.76
141,1104.0,hrs,115916.75,105.0,200.0,20999.41,10187.05,December,6137.31,10004.43,10602.24,8612.75
141,1104.0,hrs,115916.75,105.0,300.0,31499.12,11620.56,January,13119.91,11542.23,9907.84,12035.4
141,1104.0,hrs,115916.75,105.0,354.0,37168.96,16217.26,February,13119.91,17429.93,18818.87,16097.02
181,59.48,m,8767.5,147.4,40.0,5896.1,17252.13,November,9322.64,13243.59,16962.66,10926.86
901,10.0,weeks,32400.0,3240.0,2.0,6480.0,5950.0,November,4719.61,5160.83,3691.98,4702.94
902,16.0,weeks,53600.0,3350.0,7.0,23450.0,22853.12,November,29134.33,20180.07,19658.08,22819.22
902,16.0,weeks,53600.0,3350.0,3.0,10050.0,8500.0,December,11719.06,9249.44,8680.31,9781.2
902,16.0,weeks,53600.0,3350.0,3.0,10050.0,17955.13,January,11719.06,9777.64,9241.92,10170.95
902,16.0,weeks,53600.0,3350.0,1.0,3350.0,9961.15,February,5051.4,7080.12,7536.78,6356.96
903,16.0,weeks,24500.0,1531.25,2.0,3062.5,4260.94,November,5051.4,3757.06,3457.38,3902.1
903,16.0,weeks,24500.0,1531.25,3.0,4593.75,2877.0,December,5051.4,2974.22,2803.05,3168.57
903,16.0,weeks,24500.0,1531.25,4.0,6125.0,210.0,February,589.26,1282.05,954.46,906.14
905,1.0,item,5824.0,5824.0,0.25,1456.0,2021.01,November,2681.29,1528.08,917.13,1753.95
905,1.0,item,5824.0,5824.0,0.25,1456.0,771.45,December,409.36,654.95,822.5,221.18
905,1.0,item,5824.0,5824.0,0.25,1456.0,1874.39,January,409.36,683.66,592.7,287.95
907,1.0,item,19585.0,19585.0,0.5,9792.5,5219.93,November,4719.61,8631.18,10537.29,7173.98
911,254.0,days,31750.17,125.0,60.0,7500.04,7525.35,November,5114.24,7644.66,8050.62,6061.12
911,254.0,days,31750.17,125.0,60.0,7500.04,813.64,December,5114.24,3217.88,1799.84,2941.06
911,254.0,days,31750.17,125.0,60.0,7500.04,7619.23,January,5114.24,6366.7,6513.53,5025.29
911,254.0,days,31750.17,125.0,56.0,7000.04,6478.02,February,5114.24,5461.14,5389.64,4578.86
C20,10.0,m3,0.0,0.0,10.0,0.0,1035.5,November,5326.7,2747.45,1723.91,3227.39
C32,4.0,m3,1236.0,309.0,4.0,1236.0,4170.3,January,5326.7,3488.49,3151.5,4170.4
CSA,50.0,tonne,19915.28,398.31,50.0,19915.28,20711.16,June,13406.07,14364.79,16592.09,13935.2
CSS,245.0,m3,0.0,0.0,200.0,0.0,1509.02,November,1153.96,6579.84,9230.4,4528.54
ETC,157.0,m,3521.49,22.43,0.0,3521.49,1720.0,February,5795.74,2201.13,618.62,2300.06
QMR,354.0,tonne,12390.0,35.0,150.0,5250.0,1222.03,November,1899.18,3349.22,1311.1,2663.39
QMS,147.81,tonne,4061.3,27.48,47.81,1313.65,1428.3,November,1153.96,1815.06,814.17,1428.2
SWC,59.48,m,39512.16,664.29,59.48,39512.16,20610.0,November,13330.1,24389.43,26555.38,20032.19
64,26280.0,m2,3.43,90032.61,4250.0,14560.07,6043.09,June,36434.42,35157.01,39678.22,33557.26
64,26280.0,m2,3.43,90032.61,4250.0,14560.07,44979.86,July,36434.42,35688.72,40316.12,33657.39
64,26280.0,m2,3.43,90032.61,4250.0,14560.07,7863.49,August,36434.42,22588.94,19362.81,25315.42
64,26280.0,m2,3.43,90032.61,4280.0,14662.85,33193.65,September,36434.42,35001.57,37737.27,33193.55
64,26280.0,m2,3.43,90032.61,5000.0,17129.49,47754.05,October,70121.96,42446.38,42797.29,48833.07
68,26280.0,m2,16.7,438808.96,4250.0,70964.16,38385.07,June,34485.97,36824.96,37942.71,35389.08
68,26280.0,m2,16.7,438808.96,4250.0,70964.16,33354.94,July,34485.97,34056.06,33351.16,33355.04
68,26280.0,m2,16.7,438808.96,4250.0,70964.16,33688.74,August,34485.97,34542.14,33923.12,33797.63
68,26280.0,m2,16.7,438808.96,4280.0,71465.08,55754.72,September,34485.97,35290.56,33771.02,34141.66
68,26280.0,m2,16.7,438808.96,5000.0,83487.24,39976.48,October,34485.97,34908.07,33123.0,34375.49
191,27.5,days,1623.64,44650.0,4.0,6494.55,1516.16,June,5324.28,8253.12,7131.71,6799.77
191,27.5,days,1623.64,44650.0,4.0,6494.55,19057.64,July,22309.49,18724.72,19587.47,18638.68
191,27.5,days,1623.64,44650.0,4.0,6494.55,34973.98,August,22309.49,25004.41,29338.77,22827.4
191,27.5,days,1623.64,44650.0,4.0,6494.55,6482.46,September,5324.28,8166.9,5320.73,6482.57
191,27.5,days,1623.64,44650.0,4.0,6494.55,23420.91,October,5324.28,8237.7,6980.68,6861.26
191,27.5,days,1623.64,44650.0,3.5,5682.73,1418.76,November,5324.28,5553.61,2071.07,5066.91
902,53.0,days,792.87,42021.91,8.0,6342.93,11879.75,June,5324.28,12380.08,13966.92,9917.88
902,53.0,days,792.87,42021.91,8.0,6342.93,24638.2,July,22309.49,20514.55,22719.75,20245.61
902,53.0,days,792.87,42021.91,8.0,6342.93,10568.15,August,22309.49,12860.1,10393.97,15424.56
902,53.0,days,792.87,42021.91,8.0,6342.93,19851.4,September,5324.28,11332.76,10633.18,8979.23
902,53.0,days,792.87,42021.91,8.0,6342.93,11946.5,October,5324.28,11931.36,13129.35,9699.2
911,580.0,nights,103.88,60252.61,83.0,8622.36,13029.17,June,9322.64,14552.62,16595.03,11704.12
911,580.0,nights,103.88,60252.61,83.0,8622.36,26371.73,July,8981.05,21908.42,28123.98,16109.86
911,580.0,nights,103.88,60252.61,83.0,8622.36,2490.98,August,8981.05,8522.7,6717.64,7583.0
911,580.0,nights,103.88,60252.61,83.0,8622.36,9429.53,September,9322.64,12229.51,11239.96,9940.56
911,580.0,nights,103.88,60252.61,83.0,8622.36,6967.36,October,9322.64,12509.48,13231.29,10454.5
CSA,335.0,tonne,353.81,118527.57,54.18,19168.27,27370.0,June,29799.52,24720.91,27709.42,25719.54
CSA,335.0,tonne,353.81,118527.57,54.18,19168.27,26860.0,July,29799.52,25217.34,28291.4,25796.85
CSA,335.0,tonne,353.81,118527.57,54.56,19303.58,27650.0,September,29799.52,19768.61,18172.96,22258.59
CSA,335.0,tonne,353.81,118527.57,63.74,22550.91,13430.0,October,29799.52,17335.96,15489.17,21082.08
QM2.3,178.0,tonne,30.2,5375.0,25.0,754.92,1033.29,June,1153.96,1318.35,-457.48,1033.19
QM2.3,178.0,tonne,30.2,5375.0,25.0,754.92,2130.44,July,958.97,1917.82,332.88,1116.15
QM2.3,178.0,tonne,30.2,5375.0,25.0,754.92,236.28,August,1824.94,2688.43,1155.26,2013.52
QM2.3,178.0,tonne,30.2,5375.0,25.0,754.92,438.45,October,1153.96,1566.84,-190.4,1265.32
QMR,1290.0,tonne,5.19,6700.0,210.09,1091.17,6462.59,September,12590.7,8882.52,7412.17,9233.2
QMR,1290.0,tonne,5.19,6700.0,245.43,1274.73,19576.23,October,12590.7,13126.61,15653.09,12309.5
11,124.0,hrs,22940.0,185.0,12.0,2220.0,6949.1,October,3058.72,5781.39,7514.86,4944.88
11,124.0,hrs,22940.0,185.0,32.0,5920.0,4495.9,November,4719.61,5437.2,5401.81,5270.17
11,124.0,hrs,22940.0,185.0,12.0,2220.0,1427.52,December,3058.72,1792.31,1206.78,2065.11
11,124.0,hrs,22940.0,185.0,12.0,2220.0,2117.85,February,3058.72,2222.76,1865.57,2540.21
11,124.0,hrs,22940.0,185.0,8.0,1480.0,3560.15,March,2954.94,3191.99,3883.65,2892.45
11,124.0,hrs,22940.0,185.0,20.0,3700.0,1072.4,April,3058.72,1686.03,-292.8,2286.96
13,1.0,item,33460.0,33460.0,0.1,3346.0,1600.0,October,1393.55,2977.37,3509.82,2334.29
13,1.0,item,33460.0,33460.0,0.2,6692.0,1169.54,November,4719.61,6239.99,6772.43,5507.94
13,1.0,item,33460.0,33460.0,0.1,3346.0,1381.9,January,1393.55,1108.27,285.34,873.5
13,1.0,item,33460.0,33460.0,0.1,3346.0,1576.9,March,1393.55,1943.67,2232.9,1334.46
22,1.0,item,20750.0,20750.0,0.5,10375.0,3641.75,October,4719.61,4245.67,4642.55,4195.02
22,1.0,item,20750.0,20750.0,0.5,10375.0,10291.83,November,4719.61,7653.01,9290.31,6355.47
41,1.0,item,15900.0,15900.0,0.5,7950.0,2852.48,October,2514.97,3374.73,4622.27,2771.92
41,1.0,item,15900.0,15900.0,0.5,7950.0,2365.0,November,2514.97,4152.45,5103.68,3232.07
53,2265.0,m3,62682.62,27.67,1600.0,44279.12,29649.68,October,20347.42,28600.78,30185.46,25782.35
53,2265.0,m3,62682.62,27.67,250.0,6918.61,4888.11,January,6137.31,6947.76,3594.85,6512.37
53,2265.0,m3,62682.62,27.67,215.0,5950.01,1592.9,February,6137.31,6615.64,3442.33,6431.33
61,11813.0,m2,13464.0,1.14,7813.0,8904.95,26831.6,October,18318.04,25981.24,26627.15,21401.78
62,8796.0,tonne,128112.86,14.56,5196.0,75679.22,113270.09,October,34485.97,22190.95,11743.6,24756.46
62,8796.0,tonne,128112.86,14.56,1804.0,26275.08,14249.12,January,5410.44,22120.09,24751.8,14811.49
62,8796.0,tonne,128112.86,14.56,796.0,11593.66,6182.02,February,15290.35,9377.79,4506.29,9645.9
63,23626.0,m2,10504.96,0.44,14760.0,6562.82,3453.6,October,4191.71,9155.1,6473.58,5078.92
63,23626.0,m2,10504.96,0.44,2430.0,1080.46,2149.22,January,2852.72,3568.48,1769.89,2248.8
64,20421.0,m2,145692.19,7.13,9380.0,66920.95,69005.5,October,77534.32,62799.65,65471.8,64335.79
64,20421.0,m2,145692.19,7.13,9380.0,66920.95,56500.56,December,77534.32,58614.41,58852.93,61329.18
67,1.0,item,11229.5,11229.5,0.5,5614.75,4052.5,December,1899.18,3861.35,4344.59,2714.59
68,1893.0,m2,30573.16,16.15,350.0,5652.72,16470.64,October,14835.1,14180.57,18661.64,14477.13
68,1893.0,m2,30573.16,16.15,1543.0,24920.43,30601.49,November,13330.1,24328.12,31777.95,20757.75
71,418.0,m,23438.71,56.07,48.0,2691.53,3120.0,November,3058.72,3042.42,1367.35,1943.7
71,418.0,m,23438.71,56.07,185.0,10373.59,561.25,January,5114.24,2869.42,180.29,2400.8
72,35.0,m3,21000.0,600.0,20.0,12000.0,3440.32,November,4719.61,5441.16,2950.25,4833.2
72,35.0,m3,21000.0,600.0,15.0,9000.0,1411.66,December,1849.43,2775.21,501.11,1894.98
73,517.0,m2,15824.81,30.61,517.0,15824.81,3600.0,March,1628.04,3876.97,3111.38,3484.86
75,83.0,m,3526.0,42.48,6.0,254.89,269.28,November,1153.96,1722.17,1255.91,1034.98
75,83.0,m,3526.0,42.48,77.0,3271.11,441.9,January,5795.74,1034.23,-788.58,1883.34
81,102.48,m,41052.64,400.59,52.48,21023.06,17910.89,October,19644.48,15867.29,17990.31,16365.26
87,1780.0,m,63795.66,35.84,500.0,17920.13,9624.46,October,14917.02,8626.87,7161.99,9171.4
87,1780.0,m,63795.66,35.84,910.0,32614.64,590.0,November,5841.9,3760.19,-1010.22,3384.64
103,1.0,item,13500.0,13500.0,1.0,13500.0,13840.0,December,29799.52,11697.75,7401.59,16552.88
141,933.0,hrs,27953.55,29.96,200.0,5992.19,7276.11,October,5114.24,8639.49,11325.91,7761.99
141,933.0,hrs,27953.55,29.96,200.0,5992.19,318.15,November,5114.24,8483.23,10327.54,7618.23
141,933.0,hrs,27953.55,29.96,40.0,1198.44,3629.79,January,958.97,2284.9,2554.46,2026.23
141,933.0,hrs,27953.55,29.96,40.0,1198.44,2421.15,February,1824.94,2417.02,2815.44,2531.03
181,214.0,m,64479.51,301.31,90.0,27117.55,18706.98,October,22048.5,17001.5,17674.45,17572.88
181,214.0,m,64479.51,301.31,54.0,16270.53,4400.0,November,6137.31,12062.62,14042.53,9149.38
902,26.0,weeks,55235.0,2124.42,8.0,16995.38,22765.07,October,14917.02,17191.33,19710.78,16349.02
902,26.0,weeks,55235.0,2124.42,3.0,6373.27,3819.48,November,6137.31,7651.19,7103.61,7181.09
902,26.0,weeks,55235.0,2124.42,2.0,4248.85,344.95,December,3058.72,4286.63,3493.68,3742.92
902,26.0,weeks,55235.0,2124.42,2.0,4248.85,3142.49,January,3058.72,3088.61,1320.29,3016.5
902,26.0,weeks,55235.0,2124.42,3.0,6373.27,3104.55,February,6137.31,4107.56,2228.89,4828.85
902,26.0,weeks,55235.0,2124.42,4.0,8497.69,1011.63,March,6137.31,4614.45,3158.49,4971.03
903,13.0,weeks,16250.0,1250.0,4.0,5000.0,3587.56,October,5051.4,3212.07,3213.59,3663.64
903,13.0,weeks,16250.0,1250.0,6.0,7500.0,5234.84,November,2514.97,5384.31,6202.43,4281.82
903,13.0,weeks,16250.0,1250.0,1.0,1250.0,340.9,December,645.88,783.71,831.4,341.0
904,1.0,item,25500.0,25500.0,0.5,12750.0,1800.72,October,4719.61,3702.31,3334.08,3870.69
905,1.0,item,0.0,0.0,0.1,0.0,433.39,October,609.44,1058.23,1723.95,843.71
905,1.0,item,0.0,0.0,0.1,0.0,589.35,November,609.44,927.46,765.97,716.43
905,1.0,item,0.0,0.0,0.1,0.0,69.5,December,303.01,491.06,908.42,80.71
905,1.0,item,0.0,0.0,0.2,0.0,1009.92,January,1158.64,843.26,993.12,624.21
905,1.0,item,0.0,0.0,0.2,0.0,264.97,February,303.01,498.23,896.55,282.11
905,1.0,item,0.0,0.0,0.1,0.0,93.63,March,1158.64,432.91,966.97,279.69
907,1.0,item,13800.0,13800.0,0.5,6900.0,4052.11,October,2514.97,4144.12,5174.7,3595.88
C25,100.0,m3,16421.23,164.21,50.0,8210.61,1214.48,October,13406.07,5815.02,4133.29,7872.29
C25,100.0,m3,16421.23,164.21,30.0,4926.37,435.0,November,3058.72,2027.09,160.16,2081.55
C32,120.0,m3,26112.32,217.6,40.0,8704.11,16747.12,October,13406.07,12592.42,14843.96,12880.02
C32,120.0,m3,26112.32,217.6,37.0,8051.3,809.6,March,1849.43,3267.21,3180.73,2892.27
CKM,43.0,m3,8427.72,195.99,18.0,3527.88,5359.5,January,3057.01,4401.84,2831.99,3487.83
CSA,34.0,tonne,22220.82,653.55,12.0,7842.64,12410.0,October,4719.61,10126.88,13134.23,8305.24
QMS,455.0,m3,11300.58,24.84,130.0,3228.74,2674.76,October,1899.18,3706.96,6419.38,3035.49
QMS,455.0,m3,11300.58,24.84,75.0,1862.73,1062.23,January,958.97,1354.37,2819.55,947.81
RSM,1032.0,m2,10988.85,10.65,432.0,4599.99,1742.5,January,2472.03,3682.83,4108.89,2700.86
SWP,2.0,each,49.39,24.7,2.0,49.39,480.0,October,609.44,909.76,1266.61,479.9
11,135.0,hrs,32775.0,242.78,30.0,7283.33,2701.68,November,4719.61,6019.63,6062.14,5635.11
11,135.0,hrs,32775.0,242.78,15.0,3641.67,1110.7,January,3058.72,1857.07,763.51,2144.06
11,135.0,hrs,32775.0,242.78,15.0,3641.67,3836.0,February,3058.72,3417.22,3487.46,3301.41
11,135.0,hrs,32775.0,242.78,15.0,3641.67,1430.0,March,3058.72,4249.96,5178.75,3612.09
11,135.0,hrs,32775.0,242.78,15.0,3641.67,2902.1,April,3058.72,2923.33,1569.98,3047.39
11,135.0,hrs,32775.0,242.78,15.0,3641.67,10018.8,May,3058.72,7607.48,9671.85,6429.61
12,172.0,hrs,23900.0,138.95,15.0,2084.3,1634.92,March,3058.72,2909.5,3048.17,2655.96
12,172.0,hrs,23900.0,138.95,15.0,2084.3,6277.5,June,3058.72,4704.22,5657.43,4076.4
12,172.0,hrs,23900.0,138.95,55.0,7642.44,2179.5,July,5114.24,6497.63,7166.06,5740.8
12,172.0,hrs,23900.0,138.95,27.0,3751.74,967.0,August,3058.72,1620.93,173.82,1999.07
13,1.0,item,25425.0,25425.0,0.1,2542.5,1591.54,November,2096.28,2065.71,1455.68,1944.12
13,1.0,item,25425.0,25425.0,0.1,2542.5,759.27,December,2096.28,1352.81,1089.13,1225.44
13,1.0,item,25425.0,25425.0,0.1,2542.5,320.09,January,2096.28,779.44,-94.58,902.91
13,1.0,item,25425.0,25425.0,0.1,2542.5,1940.8,February,2096.28,1818.92,1804.44,1723.6
13,1.0,item,25425.0,25425.0,0.1,2542.5,5084.08,April,2096.28,3750.99,3730.62,3038.2
13,1.0,item,25425.0,25425.0,0.1,2542.5,3205.9,May,2096.28,2764.78,2848.43,2753.99
13,1.0,item,25425.0,25425.0,0.1,2542.5,1772.27,June,2096.28,1583.33,1568.79,1603.48
33,240.0,m3,9148.26,38.12,40.0,1524.71,2940.25,December,1824.94,1772.71,1210.51,1462.72
33,240.0,m3,9148.26,38.12,40.0,1524.71,1830.2,March,2954.94,1720.02,1214.23,1751.04
33,240.0,m3,9148.26,38.12,80.0,3049.42,2480.34,April,1899.18,2454.28,927.86,2214.05
33,240.0,m3,9148.26,38.12,80.0,3049.42,1302.39,May,1899.18,2335.19,1419.53,2490.51
41,1.0,item,78845.11,78845.11,0.25,19711.28,1022.8,February,1405.82,3297.72,1735.96,2206.04
41,1.0,item,78845.11,78845.11,0.25,19711.28,815.12,March,1405.82,2146.84,284.42,1234.11
41,1.0,item,78845.11,78845.11,0.25,19711.28,4909.51,May,5554.16,4824.93,2741.03,4909.61
53,7825.0,m3,129418.15,16.54,775.0,12817.77,18654.08,November,15290.35,17457.16,16756.1,16081.54
53,7825.0,m3,129418.15,16.54,1430.0,23650.86,31519.82,January,36035.78,29786.15,30542.47,30464.3
53,7825.0,m3,129418.15,16.54,998.0,16505.98,25907.12,February,15290.35,25171.73,29230.42,21054.01
53,7825.0,m3,129418.15,16.54,869.0,14372.44,16485.97,March,15290.35,15771.31,14990.89,14721.81
53,7825.0,m3,129418.15,16.54,1700.0,28116.4,49761.08,April,36035.78,28279.79,26681.69,29758.93
53,7825.0,m3,129418.15,16.54,443.0,7326.8,24637.59,May,27472.44,21208.65,20892.84,22607.42
53,7825.0,m3,129418.15,16.54,652.0,10783.47,41248.05,June,15290.35,19066.55,20452.73,17068.49
53,7825.0,m3,129418.15,16.54,838.0,13859.73,8748.9,July,15290.35,15469.14,14141.21,14536.45
57,2605.0,m3,138016.52,52.98,940.0,49802.51,42660.38,April,46217.61,46296.34,50846.74,44666.89
57,2605.0,m3,138016.52,52.98,835.0,44239.46,39222.13,May,46217.61,42904.07,46823.87,42729.43
57,2605.0,m3,138016.52,52.98,639.0,33855.11,64950.06,July,62249.6,55788.07,65168.02,55261.5
57,2605.0,m3,138016.52,52.98,161.0,8530.0,59700.7,August,36434.42,40404.41,49627.06,36925.84
61,12767.0,m2,23173.55,1.82,735.0,1334.11,1550.25,November,2852.72,5309.94,-422.15,3849.73
61,12767.0,m2,23173.55,1.82,790.0,1433.94,1587.13,March,2852.72,3023.95,-2959.38,2077.92
62,11525.0,tonne,282664.29,24.53,500.0,12263.09,25117.31,November,15290.35,22284.11,22879.31,17450.32
62,11525.0,tonne,282664.29,24.53,200.0,4905.24,15107.83,December,9318.44,15599.46,15366.63,10894.21
62,11525.0,tonne,282664.29,24.53,1000.0,24526.19,15316.08,January,26663.16,25388.72,24098.31,22985.7
62,11525.0,tonne,282664.29,24.53,800.0,19620.95,17254.65,February,26663.16,20025.16,16474.68,19593.84
62,11525.0,tonne,282664.29,24.53,1000.0,24526.19,33383.18,March,26663.16,28000.58,28860.48,24595.32
62,11525.0,tonne,282664.29,24.53,1600.0,39241.9,42286.67,April,26663.16,38334.9,41860.38,31787.65
62,11525.0,tonne,282664.29,24.53,2900.0,71125.94,42020.2,May,54283.13,49116.75,49186.74,48220.44
62,11525.0,tonne,282664.29,24.53,1000.0,24526.19,35416.67,June,26663.16,27050.0,27120.12,24240.66
62,11525.0,tonne,282664.29,24.53,1500.0,36789.28,31059.98,July,26663.16,37790.03,42376.28,31122.36
62,11525.0,tonne,282664.29,24.53,525.0,12876.25,72205.21,August,15290.35,19327.37,18591.58,15403.43
63,15532.0,m2,39993.79,2.57,2400.0,6179.83,6828.71,March,6156.67,6735.18,4780.78,5363.55
63,15532.0,m2,39993.79,2.57,945.6,2434.85,16016.95,April,6156.67,12832.36,13775.45,9708.76
63,15532.0,m2,39993.79,2.57,3332.4,8580.69,5928.9,May,10658.13,8943.24,5871.65,8775.24
63,15532.0,m2,39993.79,2.57,1200.0,3089.91,10177.38,June,6156.67,8454.29,7964.34,6825.61
63,15532.0,m2,39993.79,2.57,1500.0,3862.39,819.15,July,6156.67,4077.7,652.06,3729.42
63,15532.0,m2,39993.79,2.57,5032.0,12957.04,19034.1,August,18318.04,18300.97,18131.7,16591.2
64,12767.0,m2,152157.34,11.92,735.0,8759.74,9397.76,December,10658.13,11276.72,7486.49,9835.87
64,12767.0,m2,152157.34,11.92,2777.0,33096.34,61234.25,May,62249.6,50421.75,53707.59,52122.41
64,12767.0,m2,152157.34,11.92,1000.0,11918.02,7403.0,June,10658.13,7899.08,1810.47,7910.22
64,12767.0,m2,152157.34,11.92,1250.0,14897.52,7140.83,July,10658.13,10452.5,5237.41,9345.24
64,12767.0,m2,152157.34,11.92,4017.0,47874.68,111870.62,August,77534.32,92071.34,114294.92,83468.06
65,1335.3,tonne,374978.97,280.82,400.0,112328.01,108392.67,May,54283.13,58928.88,74647.95,55993.94
65,1335.3,tonne,374978.97,280.82,500.0,140410.01,142882.5,July,112816.37,98422.61,120794.62,99751.65
67,1.0,item,8210.0,8210.0,0.5,4105.0,415.45,April,3057.01,1243.56,-975.61,1630.43
68,3335.0,m2,47402.51,14.21,985.0,14000.44,13611.9,April,10658.13,13475.75,16214.53,12674.0
68,3335.0,m2,47402.51,14.21,2350.0,33402.07,32482.18,June,25708.8,30037.94,37622.29,28270.14
71,2278.0,m,104574.58,45.91,250.0,11476.58,3547.1,November,6137.31,5465.57,2770.46,4273.52
71,2278.0,m,104574.58,45.91,292.0,13404.64,164.63,February,6137.31,2820.71,-914.55,2535.5
71,2278.0,m,104574.58,45.91,76.0,3488.88,20321.28,March,3058.72,3322.5,2169.77,1499.3
71,2278.0,m,104574.58,45.91,506.0,23228.59,11521.81,April,6137.31,10189.57,8431.85,7534.07
71,2278.0,m,104574.58,45.91,56.0,2570.75,3953.75,May,3058.72,3930.97,2418.88,2523.54
71,2278.0,m,104574.58,45.91,339.0,15562.24,5308.15,June,6137.31,4835.28,2152.76,3907.35
71,2278.0,m,104574.58,45.91,759.0,34842.89,9919.33,July,5841.9,18370.69,21119.02,12654.07
72,5.63,m3,5599.75,994.63,5.63,5599.75,3860.0,December,5795.74,4854.38,3433.62,4467.91
73,1069.0,m2,11417.79,10.68,120.0,1281.7,4300.0,February,1824.94,4555.49,5672.57,3982.5
73,1069.0,m2,11417.79,10.68,140.0,1495.31,7468.37,May,6869.26,6994.81,7885.16,7557.76
73,1069.0,m2,11417.79,10.68,140.0,1495.31,7158.17,June,6869.26,6048.26,6977.7,6559.14
73,1069.0,m2,11417.79,10.68,350.0,3738.28,4511.38,July,2472.03,4199.89,4544.35,3763.25
73,1069.0,m2,11417.79,10.68,319.0,3407.18,4505.0,August,2472.03,4806.61,5354.39,4281.19
75,300.0,m,3000.0,10.0,90.0,900.0,2715.72,November,1153.96,3049.26,3292.6,1894.06
75,300.0,m,3000.0,10.0,30.0,300.0,936.78,January,958.97,962.7,605.59,270.05
75,300.0,m,3000.0,10.0,20.0,200.0,565.6,February,1103.31,807.32,592.42,362.56
75,300.0,m,3000.0,10.0,10.0,100.0,312.6,March,1153.96,1190.77,1574.5,397.85
75,300.0,m,3000.0,10.0,27.0,270.0,154.05,May,1153.96,1368.98,1005.95,1160.88
75,300.0,m,3000.0,10.0,71.0,710.0,494.9,July,958.97,1081.58,920.27,286.99
75,300.0,m,3000.0,10.0,52.0,520.0,2076.28,August,1824.94,1843.39,1755.96,1177.3
81,66.6,m,29529.98,443.39,30.42,13488.02,8579.52,January,5629.51,7465.24,8653.55,6196.21
81,66.6,m,29529.98,443.39,21.06,9337.86,6648.45,March,5629.51,6209.46,7769.41,5223.55
85,19.0,each,73110.0,3847.89,2.0,7695.79,1993.52,January,1405.82,3774.61,3114.31,2016.56
85,19.0,each,73110.0,3847.89,3.0,11543.68,906.3,March,1405.82,3191.65,2370.36,1636.94
85,19.0,each,73110.0,3847.89,1.0,3847.89,2722.4,April,3058.72,4199.1,2965.75,2945.32
85,19.0,each,73110.0,3847.89,6.0,23087.37,3947.39,May,5554.16,7410.19,5934.79,6538.04
85,19.0,each,73110.0,3847.89,5.0,19239.47,282.8,July,1405.82,4355.6,2887.13,2558.89
86,1.0,item,17380.0,17380.0,1.0,17380.0,41840.0,September,2514.97,2250.78,-4425.17,2038.3
87,2803.0,m,113589.22,40.52,500.0,20262.08,11174.72,November,25708.8,13798.39,11422.05,15681.62
87,2803.0,m,113589.22,40.52,500.0,20262.08,10956.82,February,25708.8,11284.71,8179.16,13995.34
87,2803.0,m,113589.22,40.52,400.0,16209.66,4611.4,March,1449.61,5123.36,4898.96,2129.17
87,2803.0,m,113589.22,40.52,400.0,16209.66,3674.9,May,1449.61,5887.67,5283.42,3269.94
87,2803.0,m,113589.22,40.52,600.0,24314.49,11883.13,June,25708.8,13560.2,11426.32,15566.92
87,2803.0,m,113589.22,40.52,403.0,16331.24,467.5,July,1449.61,3708.36,2203.37,1232.59
103,1.0,item,282302.4,282302.4,0.15,42345.36,42177.1,March,54283.13,46336.14,46578.1,45869.7
103,1.0,item,282302.4,282302.4,0.1,28230.24,30116.4,April,14412.59,20417.02,14860.99,16653.94
103,1.0,item,282302.4,282302.4,0.25,70575.6,78370.0,May,54283.13,71698.93,82678.6,63478.05
103,1.0,item,282302.4,282302.4,0.1,28230.24,45328.0,June,14412.59,31287.43,33356.53,23649.58
103,1.0,item,282302.4,282302.4,0.1,28230.24,10910.0,July,14412.59,19800.09,14951.59,15978.24
103,1.0,item,282302.4,282302.4,0.3,84690.72,73016.0,August,54283.13,69744.18,78142.3,61993.3
121,3005.0,m2,14478.48,4.82,3005.0,14478.48,388.85,August,2852.72,8226.9,-193.62,5750.16
141,2217.0,hrs,195102.96,88.0,220.0,19360.69,777.7,November,6137.31,3217.97,-1450.91,4117.25
141,2217.0,hrs,195102.96,88.0,220.0,19360.69,282.8,December,6137.31,5226.08,2493.68,5157.96
141,2217.0,hrs,195102.96,88.0,220.0,19360.69,1025.15,February,6137.31,5229.95,2476.61,5357.24
141,2217.0,hrs,195102.96,88.0,220.0,19360.69,1033.97,March,6137.31,3101.9,-523.15,3753.48
141,2217.0,hrs,195102.96,88.0,220.0,19360.69,2970.15,April,6137.31,5302.41,1456.45,5469.42
141,2217.0,hrs,195102.96,88.0,220.0,19360.69,9262.15,May,6137.31,6596.47,4187.1,6659.62
141,2217.0,hrs,195102.96,88.0,220.0,19360.69,690.6,June,6137.31,2806.84,-1224.91,3822.68
141,2217.0,hrs,195102.96,88.0,220.0,19360.69,6360.95,July,6137.31,5097.7,2200.17,5060.27
141,2217.0,hrs,195102.96,88.0,87.0,7656.27,7577.44,August,6137.31,8300.85,8465.0,7043.41
151,11050.0,m,55250.0,5.0,1000.0,5000.0,1454.0,May,1449.61,3383.65,213.99,1455.43
151,11050.0,m,55250.0,5.0,2000.0,10000.0,202.05,July,1449.61,6943.79,5384.1,3100.02
181,202.4,m,44837.17,221.53,39.6,8772.49,5611.4,February,11719.06,7242.95,6935.38,7647.92
221,1885.0,tonne,29725.0,15.77,1500.0,23653.85,31333.73,April,22048.5,26020.57,31128.89,23731.72
222,40080.0,m2,147054.81,3.67,2200.0,8071.87,12203.3,January,10658.13,11660.69,8976.11,9027.23
222,40080.0,m2,147054.81,3.67,3500.0,12841.61,19995.8,February,10658.13,13789.6,11685.16,10482.62
222,40080.0,m2,147054.81,3.67,2500.0,9172.58,18921.25,March,10658.13,15773.6,15905.14,11591.33
222,40080.0,m2,147054.81,3.67,17000.0,62373.55,17781.01,April,50751.9,37394.84,29158.6,37625.36
222,40080.0,m2,147054.81,3.67,7000.0,25683.23,19154.6,May,36035.78,26611.04,23205.42,26940.23
222,40080.0,m2,147054.81,3.67,4580.0,16804.17,24006.1,June,4191.71,21013.07,24003.01,13105.37
222,40080.0,m2,147054.81,3.67,1500.0,5503.55,1474.0,August,6156.67,4529.58,-800.33,3111.49
902,42.0,weeks,120282.22,2863.86,4.0,11455.45,9186.15,November,11320.57,11366.35,10492.12,11047.49
902,42.0,weeks,120282.22,2863.86,4.0,11455.45,4308.6,December,11320.57,7907.82,5775.44,8553.5
902,42.0,weeks,120282.22,2863.86,4.0,11455.45,6498.81,January,11320.57,8286.36,6099.91,8846.47
902,42.0,weeks,120282.22,2863.86,4.0,11455.45,9263.49,February,11320.57,8840.0,7229.16,9353.02
902,42.0,weeks,120282.22,2863.86,4.0,11455.45,13931.14,March,11320.57,13052.97,14276.05,11849.34
902,42.0,weeks,120282.22,2863.86,4.0,11455.45,13284.85,April,11320.57,12820.01,12400.08,11991.81
902,42.0,weeks,120282.22,2863.86,4.0,11455.45,14074.76,May,11320.57,11804.35,11471.25,11688.55
902,42.0,weeks,120282.22,2863.86,4.0,11455.45,13572.09,June,11320.57,12996.3,13951.99,12072.68
902,42.0,weeks,120282.22,2863.86,4.0,11455.45,15048.58,July,11320.57,12635.26,13175.41,11595.55
902,42.0,weeks,120282.22,2863.86,4.0,11455.45,16372.68,August,11320.57,13648.73,14582.97,12379.15
903,42.0,weeks,52500.0,1250.0,4.0,5000.0,1969.64,November,3058.72,3147.45,2433.82,2812.3
903,42.0,weeks,52500.0,1250.0,4.0,5000.0,1552.0,January,3058.72,1513.6,332.87,1546.35
903,42.0,weeks,52500.0,1250.0,4.0,5000.0,1564.8,February,3058.72,1616.22,747.53,1761.27
903,42.0,weeks,52500.0,1250.0,4.0,5000.0,125.0,April,3058.72,1199.29,-1048.01,1557.02
903,42.0,weeks,52500.0,1250.0,4.0,5000.0,1457.5,May,3058.72,2248.2,1294.23,2588.7
903,42.0,weeks,52500.0,1250.0,4.0,5000.0,1437.2,June,3058.72,1422.4,578.08,1668.16
903,42.0,weeks,52500.0,1250.0,4.0,5000.0,1320.0,July,3058.72,1370.88,291.9,1391.16
903,42.0,weeks,52500.0,1250.0,4.0,5000.0,1364.0,August,3058.72,1580.52,425.89,1655.01
904,1.0,item,32500.0,32500.0,0.75,24375.0,18281.81,November,29134.33,16056.66,14981.96,19649.5
904,1.0,item,32500.0,32500.0,0.25,8125.0,1657.44,July,2795.89,3223.74,3293.01,2519.07
907,1.0,item,18700.0,18700.0,0.1,1870.0,139.8,November,2681.29,803.51,-455.54,1321.66
907,1.0,item,18700.0,18700.0,0.1,1870.0,279.42,February,633.01,790.79,738.08,611.95
907,1.0,item,18700.0,18700.0,0.2,3740.0,3321.4,March,5051.4,3071.0,3484.4,3277.53
907,1.0,item,18700.0,18700.0,0.1,1870.0,2403.8,May,2681.29,1923.82,1604.62,2403.9
907,1.0,item,18700.0,18700.0,0.1,1870.0,693.0,June,633.01,866.17,995.15,692.9
907,1.0,item,18700.0,18700.0,0.3,5610.0,1340.36,August,5051.4,4486.28,4873.97,4374.48
C25,50.0,m3,25033.57,500.67,7.0,3504.7,630.4,June,3058.72,1694.79,577.45,1779.01
C25,50.0,m3,25033.57,500.67,17.5,8761.75,2252.8,July,1849.43,2341.57,1067.97,1678.76
C25,50.0,m3,25033.57,500.67,12.5,6258.39,770.0,August,589.26,1482.47,90.55,808.24
C32,415.6,m3,32767.07,78.84,42.75,3370.53,2700.43,November,3058.72,5565.33,5934.47,4920.43
C32,415.6,m3,32767.07,78.84,5.63,443.89,1428.16,December,1103.31,2604.1,2806.37,2082.89
C32,415.6,m3,32767.07,78.84,9.5,749.01,8034.3,March,2954.94,5547.72,7354.1,4539.87
C32,415.6,m3,32767.07,78.84,110.62,8721.59,6797.8,April,5114.24,6820.32,6415.44,6477.09
C32,415.6,m3,32767.07,78.84,55.0,4336.35,5566.0,May,3058.72,5772.38,6432.79,5429.84
C32,415.6,m3,32767.07,78.84,61.0,4809.41,9785.62,June,3058.72,7550.1,9785.35,6201.39
C32,415.6,m3,32767.07,78.84,94.6,7458.53,7504.11,July,5114.24,7746.62,9101.35,6776.1
CKM,275.0,m3,53069.02,192.98,21.0,4052.54,4036.36,November,3058.72,4805.87,2468.67,3789.25
CKM,275.0,m3,53069.02,192.98,44.0,8491.04,8311.52,February,11719.06,7573.46,5070.55,8311.62
CKM,275.0,m3,53069.02,192.98,35.0,6754.24,8617.14,April,7116.63,8061.17,5976.36,7219.56
CKM,275.0,m3,53069.02,192.98,175.0,33771.2,272.04,June,2744.08,12731.06,12502.94,9358.98
CSA,40.0,tonne,30143.13,753.58,22.0,16578.72,6089.32,April,1849.43,8601.08,9137.82,6524.02
CSA,40.0,tonne,30143.13,753.58,10.0,7535.78,5320.65,May,4719.61,5835.0,5818.24,5807.92
CSS,6.0,m3,0.0,0.0,3.0,0.0,3249.0,November,5326.7,2538.7,1888.84,3249.1
CSS,6.0,m3,0.0,0.0,1.0,0.0,680.94,February,645.88,924.47,1154.83,680.84
CSS,6.0,m3,0.0,0.0,2.0,0.0,181.0,March,1158.64,708.77,1066.05,473.83
QMR,1885.0,tonne,69229.03,36.73,1500.0,55089.41,53387.92,April,46217.61,45029.25,50135.85,44051.0
QMR,1885.0,tonne,69229.03,36.73,300.0,11017.88,10259.02,May,6137.31,13433.36,15454.47,10714.77
QMS,996.0,tonne,15119.56,15.18,100.0,1518.03,1468.82,November,2954.94,2249.24,1029.27,2212.9
QMS,996.0,tonne,15119.56,15.18,50.0,759.01,780.9,January,958.97,1132.99,311.93,648.65
QMS,996.0,tonne,15119.56,15.18,100.0,1518.03,1316.62,February,1824.94,1462.55,784.11,1289.9
QMS,996.0,tonne,15119.56,15.18,130.0,1973.44,1769.18,March,2954.94,2001.53,1687.46,1769.28
QMS,996.0,tonne,15119.56,15.18,150.0,2277.04,1934.92,April,1899.18,2671.55,1445.84,2168.97
QMS,996.0,tonne,15119.56,15.18,120.0,1821.63,1481.3,May,2954.94,2282.51,1326.47,2595.77
QMS,996.0,tonne,15119.56,15.18,130.0,1973.44,2069.22,June,2954.94,1943.51,1361.28,1991.75
QMS,996.0,tonne,15119.56,15.18,158.8,2410.63,317.04,July,1899.18,2714.91,2564.71,1921.76
QMS,996.0,tonne,15119.56,15.18,7.2,109.3,1694.49,August,1103.31,1895.26,1560.26,1244.55
RSM,1339.2,m2,13862.6,10.35,432.0,4471.81,3830.2,November,7179.81,3773.92,2696.53,4422.89
RSM,1339.2,m2,13862.6,10.35,259.2,2683.08,2443.5,April,12590.7,4063.13,1762.36,6292.66
SWC,202.4,m,68168.09,336.8,18.0,6062.38,11100.0,February,6137.31,4775.04,1467.19,4263.11
SWC,202.4,m,68168.09,336.8,159.2,53618.38,49600.0,July,46217.61,40787.23,43654.93,40800.47
SWL,19.0,each,3000.0,157.89,2.0,315.79,279.0,August,645.88,930.3,78.51,278.9
SWP,67.86,m,32433.92,477.95,11.7,5592.06,1778.0,December,3058.72,2812.24,-482.61,1741.84
SWP,67.86,m,32433.92,477.95,37.44,17894.58,5814.0,March,13406.07,7002.55,2683.74,7897.95
SWPC,19.0,each,25742.7,1354.88,17.0,23032.94,11490.03,February,2795.89,8831.31,12921.3,6562.26
SWPC,19.0,each,25742.7,1354.88,2.0,2709.76,1458.3,September,11114.42,3851.87,3919.38,5311.82
11,100.0,hrs,15945.0,312.65,35.0,5580.75,4010.0,May,3058.72,5421.01,6154.63,5118.92
11,100.0,hrs,15945.0,312.65,20.0,3189.0,2445.0,July,3058.72,2330.96,1926.69,2444.9
11,100.0,hrs,15945.0,312.65,15.0,2391.75,600.0,August,3058.72,1256.69,119.85,1863.32
11,100.0,hrs,15945.0,312.65,5.0,797.25,455.0,September,2954.94,1615.59,-372.35,1886.37
12,46.0,item,7390.0,53.94,10.0,1606.52,725.0,August,1103.31,1714.49,1289.96,1133.67
12,46.0,item,7390.0,53.94,10.0,1606.52,5972.5,October,2954.94,4440.58,5456.74,3662.24
12,46.0,item,7390.0,53.94,16.0,2570.43,3477.5,November,3057.01,3720.0,3427.74,3203.96
13,1.0,item,28731.0,28731.0,0.1,2873.1,2239.93,May,1393.55,2142.49,1900.15,2122.69
13,1.0,item,28731.0,28731.0,0.1,2873.1,125.43,July,1393.55,502.14,-311.1,431.78
13,1.0,item,28731.0,28731.0,0.3,8619.3,1319.79,August,5629.51,2326.82,738.32,3179.03
13,1.0,item,28731.0,28731.0,0.15,4309.65,1621.74,September,1654.63,2283.24,814.83,1675.92
13,1.0,item,28731.0,28731.0,0.15,4309.65,1288.51,October,1393.55,1472.25,1138.08,1402.8
13,1.0,item,28731.0,28731.0,0.1,2873.1,1736.96,November,1393.55,1767.29,1020.54,1522.24
52,677.0,cum,10200.13,15.07,477.0,7186.8,3376.78,June,9322.64,7065.3,5325.23,6958.57
53,0.0,cum,1320.42,26.41,0.0,1320.42,6160.54,September,2681.29,5804.97,2488.27,4494.34
59,9000.0,sqm,9925.71,1.1,2000.0,2205.71,2803.89,June,9318.44,2925.6,4926.32,3754.27
59,9000.0,sqm,9925.71,1.1,2000.0,2205.71,2813.59,July,9318.44,2782.18,4494.55,3417.86
59,9000.0,sqm,9925.71,1.1,54000.0,59554.29,3108.05,September,5183.5,12754.05,-1463.5,3108.15
71,443.0,m,16834.0,38.0,443.0,16834.0,78.11,July,1628.04,1321.84,-2023.21,368.74
72,1.0,cum,1900.0,1900.0,1.0,1900.0,532.5,July,409.36,3604.02,3143.7,1586.09
73,466.1,sqm,24991.5,44.94,266.1,14267.84,9330.36,October,14835.1,9353.49,14628.05,10742.31
81,405.2,m,18720.24,46.2,205.2,9480.24,16600.83,May,14835.1,11629.53,13495.05,12270.86
86,11.0,each,6500.0,590.91,4.0,2363.64,5635.2,May,5795.74,4696.95,5329.55,4912.62
86,11.0,each,6500.0,590.91,5.0,2954.55,2455.0,June,5795.74,2744.98,2760.65,3275.55
87,1017.0,m,40568.44,39.89,300.0,11967.09,658.0,May,11719.06,5182.17,2881.27,6269.37
87,1017.0,m,40568.44,39.89,717.0,28601.35,3904.6,June,5841.9,6972.3,5633.18,5480.84
95,16.0,item,69867.9,4366.74,8.0,34933.95,52026.8,May,29134.33,40211.16,52398.34,35707.64
103,27.0,item,107885.13,3995.75,12.0,47948.95,34490.0,June,20347.42,28731.57,31845.03,25159.17
103,27.0,item,107885.13,3995.75,15.0,59936.18,11500.0,July,20347.42,16990.21,11653.6,17561.98
111,456.0,m,34461.24,75.57,200.0,15114.58,17380.0,May,16429.38,16016.75,16656.88,15156.08
121,1.0,item,405473.27,405473.27,0.1,40547.33,9657.14,June,14412.59,19089.77,13338.84,15321.2
121,1.0,item,405473.27,405473.27,0.05,20273.66,11944.89,September,5554.16,17836.13,14067.62,11075.06
121,1.0,item,405473.27,405473.27,0.5,202736.64,51091.13,October,112816.37,65885.53,45867.04,79654.5
121,1.0,item,405473.27,405473.27,0.25,101368.32,184497.47,November,54283.13,41950.15,32436.09,43811.34
123,1.0,item,119853.08,119853.08,0.35,41948.58,3958.35,October,14412.59,12679.14,5141.3,12636.12
123,1.0,item,119853.08,119853.08,0.65,77904.5,5750.0,November,20347.42,16275.93,4566.78,17491.2
131,1.0,item,21670.0,21670.0,1.0,21670.0,427.9,November,10491.91,4995.35,488.77,6562.71
132,677.0,sqm,349020.01,432.49,150.0,77330.87,42453.69,May,54283.13,50372.06,47834.91,49303.33
132,677.0,sqm,349020.01,432.49,175.0,90219.35,79709.6,June,54283.13,62496.52,66142.79,57009.93
132,677.0,sqm,349020.01,432.49,175.0,90219.35,121079.02,July,54283.13,61077.36,63689.74,55848.63
132,677.0,sqm,349020.01,432.49,177.0,91250.43,22235.35,August,54283.13,40279.6,30420.32,42549.46
135,577.0,m,54137.21,93.83,250.0,23456.33,24778.28,May,22048.5,21154.62,23029.51,20415.66
135,577.0,m,54137.21,93.83,200.0,18765.06,14003.4,June,11719.06,11851.67,11828.12,10696.44
135,577.0,m,54137.21,93.83,77.0,7224.55,7825.64,July,11719.06,9696.24,9574.77,8844.78
222,2600.0,sqm,5804.95,0.0,1000.0,2232.67,76.9,June,2472.03,2457.22,846.04,1155.86
901,14.0,weeks,61200.0,9540.77,2.0,8742.86,2530.0,May,5554.16,3563.14,583.75,4214.81
901,14.0,weeks,61200.0,9540.77,2.0,8742.86,3036.0,June,1405.82,3008.94,1257.94,2172.6
901,14.0,weeks,61200.0,9540.77,2.0,8742.86,1081.0,July,1405.82,2527.03,289.86,1617.32
901,14.0,weeks,61200.0,9540.77,2.0,8742.86,1840.0,August,1405.82,3891.18,2253.04,2627.67
901,14.0,weeks,61200.0,9540.77,2.0,8742.86,4439.0,September,5554.16,7046.07,5019.93,5818.82
901,14.0,weeks,61200.0,9540.77,1.0,4371.43,2392.0,October,5051.4,4367.28,2944.49,4175.47
901,14.0,weeks,61200.0,9540.77,1.0,4371.43,6762.0,November,5051.4,4446.15,2318.67,4183.74
902,16.0,weeks,66320.0,2459.03,2.0,8290.0,8290.88,May,11320.57,10444.52,10268.07,10960.43
902,16.0,weeks,66320.0,2459.03,2.0,8290.0,6515.55,June,11320.57,9746.87,9754.97,10122.74
902,16.0,weeks,66320.0,2459.03,2.0,8290.0,5324.4,July,11320.57,10153.83,10195.2,10142.21
902,16.0,weeks,66320.0,2459.03,2.0,8290.0,8607.78,August,11320.57,9570.6,9072.97,9893.39
902,16.0,weeks,66320.0,2459.03,2.0,8290.0,18324.81,September,14917.02,17700.25,19849.53,16128.61
902,16.0,weeks,66320.0,2459.03,2.0,8290.0,17969.85,October,14917.02,17019.11,20318.1,16021.1
902,16.0,weeks,66320.0,2459.03,2.0,8290.0,17481.78,November,11320.57,15998.76,18782.99,14193.93
903,16.0,weeks,12800.0,835.75,2.0,1600.0,22.53,May,1856.64,1821.34,1720.72,2026.9
903,16.0,weeks,12800.0,835.75,2.0,1600.0,1284.5,June,633.01,1155.68,1541.47,827.24
903,16.0,weeks,12800.0,835.75,2.0,1600.0,323.88,July,633.01,754.22,700.86,323.98
903,16.0,weeks,12800.0,835.75,2.0,1600.0,1235.75,August,633.01,1155.11,1137.86,711.49
903,16.0,weeks,12800.0,835.75,2.0,1600.0,470.0,September,1856.64,2242.87,1306.45,1651.41
903,16.0,weeks,12800.0,835.75,2.0,1600.0,1829.01,October,1856.64,1539.72,1740.15,1529.67
903,16.0,weeks,12800.0,835.75,2.0,1600.0,1995.77,November,1856.64,1685.15,1219.8,1580.99
904,1.0,item,23700.0,23700.0,0.05,1185.0,244.32,May,327.58,858.52,761.06,751.81
904,1.0,item,23700.0,23700.0,0.05,1185.0,50.4,June,327.58,371.48,581.64,50.3
904,1.0,item,23700.0,23700.0,0.05,1185.0,136.03,August,327.58,640.88,605.75,109.11
904,1.0,item,23700.0,23700.0,0.05,1185.0,661.2,September,327.58,813.73,-392.04,74.8
905,1.0,item,5000.0,5000.0,0.2,1000.0,3039.66,May,1158.64,2168.08,2642.94,2044.3
905,1.0,item,5000.0,5000.0,0.2,1000.0,238.05,June,1158.64,724.56,948.08,724.34
905,1.0,item,5000.0,5000.0,0.2,1000.0,8.02,August,303.01,393.32,218.56,127.2
905,1.0,item,5000.0,5000.0,0.2,1000.0,111.73,September,609.44,446.94,-1039.04,111.63
906,1.0,item,0.0,0.0,0.1,0.0,1800.0,June,1158.64,1283.61,1664.65,1186.94
906,1.0,item,0.0,0.0,0.15,0.0,1979.54,October,609.44,1567.58,2115.03,1270.26
906,1.0,item,0.0,0.0,0.1,0.0,5071.12,November,609.44,1395.09,1090.96,1116.01
916,600.0,hrs,28800.0,34.02,100.0,4800.0,4127.15,May,3058.72,4526.55,3616.09,4365.58
916,600.0,hrs,28800.0,34.02,100.0,4800.0,3204.0,June,3058.72,3641.83,2806.59,3406.94
916,600.0,hrs,28800.0,34.02,100.0,4800.0,2114.64,July,3058.72,3557.19,2467.94,3108.54
916,600.0,hrs,28800.0,34.02,100.0,4800.0,4015.68,August,3058.72,4271.25,3401.12,3698.54
916,600.0,hrs,28800.0,34.02,50.0,2400.0,7860.48,September,11114.42,6843.31,4631.33,7693.3
916,600.0,hrs,28800.0,34.02,50.0,2400.0,7561.44,October,3058.72,6296.07,7176.33,5153.15
916,600.0,hrs,28800.0,34.02,50.0,2400.0,5639.04,November,3058.72,5418.96,5035.86,4543.29
C20,235.0,cum,46527.59,278.04,52.0,10295.47,16770.6,May,11719.06,13222.52,15528.1,12054.63
C20,235.0,cum,46527.59,278.04,61.0,12077.38,2449.2,June,11719.06,5014.59,2907.65,6395.18
C20,235.0,cum,46527.59,278.04,57.0,11285.42,12267.2,July,11719.06,6123.32,4552.27,6853.14
C20,235.0,cum,46527.59,278.04,65.0,12869.33,855.0,August,7116.63,3420.22,951.43,3824.86
C25,24.87,cum,6884.61,40.57,10.0,2768.13,19068.2,June,5795.74,13408.52,18868.38,9951.37
C25,24.87,cum,6884.61,40.57,14.87,4116.48,3454.2,July,5795.74,12636.15,17283.16,9234.53
ETC,1170.0,m,6278.59,5.37,1000.0,5366.31,6187.74,May,7179.81,7154.44,7289.1,6238.08
ETM,6.0,item,15822.94,2637.16,6.0,15822.94,174.68,May,2514.97,1597.08,34.53,2050.06
QMR,800.0,tonne,42835.87,40.58,177.0,9477.44,2131.18,May,11719.06,14180.87,15714.5,13049.5
QMR,800.0,tonne,42835.87,40.58,213.0,11405.05,28376.44,June,11719.06,21660.78,27925.27,17533.23
QMR,800.0,tonne,42835.87,40.58,210.0,11244.42,13079.96,July,11719.06,13759.95,15222.12,12178.09
QMR,800.0,tonne,42835.87,40.58,200.0,10708.97,680.91,August,7116.63,4464.33,1425.78,4847.18
QMS,687.16,tonne,6947.89,10.87,200.0,2022.2,4314.14,May,3057.01,3905.14,3879.41,3707.77
QMS,687.16,tonne,6947.89,10.87,200.0,2022.2,1949.45,June,3057.01,2299.66,1927.95,2283.09
QMS,687.16,tonne,6947.89,10.87,100.0,1011.1,816.06,July,958.97,1917.23,1747.82,1128.56
QMS,687.16,tonne,6947.89,10.87,87.16,881.29,12513.34,September,6869.26,9344.44,10696.4,7760.52
SWP,507.6,m,42802.17,84.32,400.0,33729.05,8953.67,May,5841.9,14535.48,13560.5,11271.85
SWPC,2.0,each,26170.0,13085.0,2.0,26170.0,22970.0,May,29134.33,18099.22,20509.51,21263.75
11,180.0,hrs,33305.5,185.03,100.0,18503.06,20034.6,October,5114.24,13238.93,16846.0,10681.09
11,180.0,hrs,33305.5,185.03,50.0,9251.53,10352.0,January,13406.07,10948.45,12116.56,11362.95
11,180.0,hrs,33305.5,185.03,15.0,2775.46,3221.7,February,3058.72,3160.95,3181.93,3115.71
11,180.0,hrs,33305.5,185.03,15.0,2775.46,3059.0,March,3058.72,3267.01,3721.86,2956.52
16,8.0,weeks,8000.0,1000.0,1.0,1000.0,900.0,October,609.44,962.0,738.46,900.1
16,8.0,weeks,8000.0,1000.0,4.0,4000.0,3588.0,November,3057.01,3003.64,2308.98,3002.28
16,8.0,weeks,8000.0,1000.0,3.0,3000.0,2826.0,December,3057.01,2877.43,2987.65,2643.16
53,12149.0,m3,236016.49,19.43,3034.0,58940.99,96183.74,October,96278.32,85437.3,99880.2,85551.81
53,12149.0,m3,236016.49,19.43,5581.0,108421.11,91589.28,November,96278.32,89413.43,99003.26,88742.9
53,12149.0,m3,236016.49,19.43,385.0,7479.33,36357.09,December,27472.44,28015.17,31519.94,25915.73
53,12149.0,m3,236016.49,19.43,1878.0,36483.58,67066.62,January,62249.6,61594.48,72632.36,58940.43
53,12149.0,m3,236016.49,19.43,271.0,5264.67,40163.14,February,27472.44,24746.68,26605.79,23969.44
57,2378.0,m3,162992.63,68.54,34.0,2330.42,521.85,October,3058.72,4619.44,1383.97,3334.25
57,2378.0,m3,162992.63,68.54,1581.0,108364.74,22644.53,November,77534.32,72513.73,78298.4,72398.15
57,2378.0,m3,162992.63,68.54,385.0,26388.63,4498.77,December,2744.08,8285.15,4402.1,5740.39
57,2378.0,m3,162992.63,68.54,378.0,25908.84,1233.48,January,2744.08,7029.99,2195.49,4968.34
61,25482.0,m2,131922.98,5.18,15000.0,77656.57,2508.3,October,5183.5,11450.71,-2954.54,7679.76
61,25482.0,m2,131922.98,5.18,10482.0,54266.41,728.09,November,5183.5,10550.25,-1162.18,7161.37
62,24591.0,tonne,408944.87,16.63,5650.0,93958.71,16948.92,October,25441.84,22547.37,11021.67,21113.05
62,24591.0,tonne,408944.87,16.63,8250.0,137196.34,40215.53,November,25441.84,51523.11,50459.2,40337.74
62,24591.0,tonne,408944.87,16.63,4401.0,73188.01,15339.1,December,25441.84,20239.3,10124.99,19064.74
62,24591.0,tonne,408944.87,16.63,1000.0,16629.86,5937.01,January,15290.35,11100.45,5202.36,9333.54
62,24591.0,tonne,408944.87,16.63,4190.0,69679.11,29263.79,February,25441.84,27083.32,21409.61,23643.68
63,29554.0,m2,64324.17,2.18,15000.0,32647.44,3857.2,November,5410.44,9928.75,3716.9,6103.06
63,29554.0,m2,64324.17,2.18,8650.0,18826.69,21729.04,December,70121.96,19114.18,7438.35,32550.8
63,29554.0,m2,64324.17,2.18,5904.0,12850.03,5221.98,February,4191.71,8077.02,6647.84,5221.88
64,59019.0,m2,430929.69,7.3,27000.0,197141.63,144776.32,November,112816.37,114336.57,119763.6,107291.75
64,59019.0,m2,430929.69,7.3,16000.0,116824.67,93464.92,December,50751.9,61751.08,63935.73,53417.33
64,59019.0,m2,430929.69,7.3,5000.0,36507.71,22143.48,January,26663.16,32658.73,35503.43,26915.37
64,59019.0,m2,430929.69,7.3,11019.0,80455.69,49097.27,February,50751.9,50007.74,50904.2,45927.62
65,20.0,tonne,25937.5,1296.88,20.0,25937.5,500.6,February,13330.1,4337.07,11754.7,7195.04
67,1.0,item,6094.0,6094.0,0.1,609.4,448.42,October,327.58,523.44,120.11,290.09
67,1.0,item,6094.0,6094.0,0.1,609.4,233.54,November,327.58,362.0,-886.45,142.98
67,1.0,item,6094.0,6094.0,0.5,3047.0,1986.48,December,5795.74,2300.67,1401.27,2897.33
67,1.0,item,6094.0,6094.0,0.0,6094.0,995.39,February,8981.05,3834.57,2719.76,5142.8
72,31.2,m,2200.0,70.51,31.2,2200.0,12781.13,February,5795.74,4171.71,1321.51,3451.06
88,141.0,m3,53447.89,379.06,65.0,24639.1,3205.11,November,2744.08,7211.67,5194.47,5776.61
88,141.0,m3,53447.89,379.06,76.0,28808.79,6265.67,February,2744.08,6470.94,4276.4,5318.38
141,2442.0,hrs,117220.27,48.0,405.0,19440.71,14588.71,October,14917.02,13311.16,14066.33,13714.27
141,2442.0,hrs,117220.27,48.0,740.0,35521.29,24358.63,November,13119.91,21195.93,24274.21,18485.66
141,2442.0,hrs,117220.27,48.0,250.0,12000.44,8247.17,December,6137.31,8761.38,9803.84,7597.76
141,2442.0,hrs,117220.27,48.0,385.0,18480.67,12327.17,January,6137.31,11644.59,13310.96,9622.21
141,2442.0,hrs,117220.27,48.0,420.0,20160.73,13139.49,February,6137.31,12398.93,14554.49,10287.56
141,2442.0,hrs,117220.27,48.0,162.0,7776.28,5128.45,March,6137.31,8182.45,9747.46,7119.44
151,1.0,item,14800.0,14800.0,0.3,4440.0,438.6,October,1899.18,1237.06,-3820.73,877.79
151,1.0,item,14800.0,14800.0,0.1,1480.0,750.0,January,633.01,1047.4,-3749.69,48.03
222,14642.0,m2,26373.6,1.8,9250.0,16661.37,16747.74,November,18318.04,19595.32,14574.77,16907.91
222,14642.0,m2,26373.6,1.8,1250.0,2251.54,9215.42,December,2852.72,7553.02,3750.13,4753.95
222,14642.0,m2,26373.6,1.8,2000.0,3602.46,923.01,January,2852.72,2605.04,-4731.51,1534.7
222,14642.0,m2,26373.6,1.8,2141.0,3856.43,5395.66,February,2852.72,3983.13,-2364.98,2561.52
613,24591.0,tonne,307979.06,12.52,6900.0,86415.99,51448.55,October,50751.9,59925.17,60368.85,53786.76
613,24591.0,tonne,307979.06,12.52,10500.0,131502.59,82141.79,November,50751.9,78623.83,83028.86,66276.45
613,24591.0,tonne,307979.06,12.52,4000.0,50096.22,15059.98,December,50751.9,57902.14,62182.38,51822.23
613,24591.0,tonne,307979.06,12.52,304.0,3807.31,16548.44,January,9318.44,14390.72,8937.66,10325.15
613,24591.0,tonne,307979.06,12.52,1787.0,22380.49,13851.0,February,26663.16,20095.29,11653.73,19768.44
901,14.0,weeks,48000.0,3428.57,4.0,13714.29,16150.0,October,19644.48,17001.6,18743.06,17151.22
901,14.0,weeks,48000.0,3428.57,2.0,6857.14,25125.0,November,19644.48,21186.18,25414.07,19677.9
901,14.0,weeks,48000.0,3428.57,2.0,6857.14,16150.0,December,11719.06,15150.41,18448.16,13039.0
901,14.0,weeks,48000.0,3428.57,2.0,6857.14,12112.5,January,11719.06,13388.13,15380.75,11947.72
901,14.0,weeks,48000.0,3428.57,2.0,6857.14,16150.0,February,11719.06,15143.57,18414.12,13231.35
902,22.0,weeks,49740.0,2260.91,4.0,9043.64,14647.5,October,19644.48,16080.99,17832.9,16973.25
902,22.0,weeks,49740.0,2260.91,4.0,9043.64,16591.5,November,19644.48,15556.82,16251.63,16591.6
902,22.0,weeks,49740.0,2260.91,3.0,6782.73,6390.0,December,11719.06,8138.87,7356.97,9014.08
902,22.0,weeks,49740.0,2260.91,3.0,6782.73,12325.5,January,11719.06,10965.59,11560.32,10890.03
902,22.0,weeks,49740.0,2260.91,4.0,9043.64,9810.0,February,11719.06,9598.87,9385.81,10199.79
902,22.0,weeks,49740.0,2260.91,2.0,4521.82,1710.0,March,3058.72,2407.08,889.66,2523.72
903,20.0,weeks,16345.0,817.25,4.0,3269.0,1683.96,October,3058.72,2143.71,2188.28,2315.07
903,20.0,weeks,16345.0,817.25,4.0,3269.0,2333.55,November,3058.72,2667.55,2267.46,2611.06
903,20.0,weeks,16345.0,817.25,3.0,2451.75,4778.59,December,3058.72,4315.41,5735.86,3402.69
903,20.0,weeks,16345.0,817.25,3.0,2451.75,2847.87,January,3058.72,3382.94,3983.2,2847.97
903,20.0,weeks,16345.0,817.25,4.0,3269.0,5837.63,February,3058.72,4974.65,6662.56,4041.87
903,20.0,weeks,16345.0,817.25,2.0,1634.5,3131.79,March,1856.64,2694.48,3889.14,1931.53
904,1.0,item,18750.0,18750.0,0.5,9375.0,454.8,February,2795.89,4720.75,5948.53,3788.87
905,1.0,item,5000.0,5000.0,0.2,1000.0,692.92,October,609.44,597.22,746.82,541.71
905,1.0,item,5000.0,5000.0,0.2,1000.0,165.44,November,609.44,487.59,-177.67,428.1
905,1.0,item,5000.0,5000.0,0.1,500.0,664.36,December,303.01,539.35,795.95,98.08
905,1.0,item,5000.0,5000.0,0.1,500.0,500.91,January,1158.64,569.29,370.09,433.21
905,1.0,item,5000.0,5000.0,0.2,1000.0,508.21,February,303.01,513.31,673.76,287.96
907,1.0,item,17154.0,17154.0,0.25,4288.5,4487.0,December,5051.4,3903.58,4432.12,3865.15
907,1.0,item,17154.0,17154.0,0.25,4288.5,798.7,January,5051.4,1947.83,1058.18,2648.78
910,1.0,item,18000.0,18000.0,0.25,4500.0,4702.67,December,5051.4,4402.44,5423.08,4095.8
910,1.0,item,18000.0,18000.0,0.25,4500.0,4732.9,February,5051.4,4205.02,5087.09,4164.93
910,1.0,item,18000.0,18000.0,0.5,9000.0,11137.23,March,2795.89,4291.11,5598.06,3377.08
911,360.0,nights,67260.0,186.83,60.0,11210.0,6229.2,October,14917.02,8966.36,6208.85,9754.35
911,360.0,nights,67260.0,186.83,60.0,11210.0,15119.87,November,6137.31,12672.79,13362.32,9362.57
911,360.0,nights,67260.0,186.83,60.0,11210.0,7354.21,December,6137.31,2488.92,-2009.92,2519.99
911,360.0,nights,67260.0,186.83,60.0,11210.0,2853.89,January,6137.31,2962.57,-1534.74,2874.46
911,360.0,nights,67260.0,186.83,60.0,11210.0,328.89,February,6137.31,1861.9,-3026.56,2311.34
911,360.0,nights,67260.0,186.83,30.0,5605.0,327.27,March,3058.72,2865.06,302.39,1661.62
916,700.0,hrs,33600.0,48.0,120.0,5760.0,16087.49,October,19644.48,16242.99,18650.32,16809.12
916,700.0,hrs,33600.0,48.0,120.0,5760.0,18135.79,November,19644.48,16788.25,18763.43,17118.95
916,700.0,hrs,33600.0,48.0,120.0,5760.0,7912.55,December,11719.06,9130.48,9227.64,9431.27
916,700.0,hrs,33600.0,48.0,120.0,5760.0,15684.18,January,11719.06,13199.12,15398.68,12110.25
916,700.0,hrs,33600.0,48.0,120.0,5760.0,5289.58,February,11719.06,9539.73,9852.85,9892.67
916,700.0,hrs,33600.0,48.0,40.0,1920.0,180.0,March,2954.94,2206.32,1099.6,2116.03
